{
  "vehiculos_activos": {},
  "historial_vehiculos": [
    {
      "id": "ABC123",
      "hora_entrada": "2025-11-13T15:23:17.577900",
      "hora_salida": "2025-11-13T15:23:17.681786",
      "parqueo": 1,
      "costo": 1000,
      "pagado": false
    },
    {
      "id": "1sa",
      "hora_entrada": "2025-11-13T15:27:01.572635",
      "hora_salida": "2025-11-13T15:27:19.171126",
      "parqueo": 2,
      "costo": 2000,
      "pagado": false
    },
    {
      "id": "123",
      "hora_entrada": "2025-11-27T11:17:41.134171",
      "hora_salida": "2025-12-02T09:19:49.322504",
      "parqueo": 1,
      "costo": 42493000,
      "pagado": false
    },
    {
      "id": "143",
      "hora_entrada": "2025-11-27T11:17:50.554748",
      "hora_salida": "2025-12-02T09:19:59.809088",
      "parqueo": 1,
      "costo": 42493000,
      "pagado": false
    },
    {
      "id": "153",
      "hora_entrada": "2025-11-27T11:17:54.679145",
      "hora_salida": "2025-12-02T09:20:09.207650",
      "parqueo": 1,
      "costo": 42494000,
      "pagado": false
    },
    {
      "id": "1236",
      "hora_entrada": "2025-11-27T11:18:17.009465",
      "hora_salida": "2025-12-02T09:20:18.553385",
      "parqueo": 1,
      "costo": 42493000,
      "pagado": false
    },
    {
      "id": "12",
      "hora_entrada": "2025-12-02T18:28:17.229155",
      "hora_salida": "2025-12-02T18:28:46.517457",
      "parqueo": 1,
      "costo": 3000,
      "pagado": false
    },
    {
      "id": "123",
      "hora_entrada": "2025-12-02T18:28:29.228444",
      "hora_salida": "2025-12-02T18:28:59.867902",
      "parqueo": 1,
      "costo": 4000,
      "pagado": false
    },
    {
      "id": "12",
      "hora_entrada": "2025-12-02T18:55:33.679695",
      "hora_salida": "2025-12-02T18:56:08.712342",
      "parqueo": 1,
      "costo": 4000,
      "pagado": false
    },
    {
      "id": "123",
      "hora_entrada": "2025-12-02T19:37:01.825277",
      "hora_salida": "2025-12-02T19:37:20.795083",
      "parqueo": 1,
      "costo": 2000,
      "pagado": false
    },
    {
      "id": "55",
      "hora_entrada": "2025-12-02T19:37:07.307713",
      "hora_salida": "2025-12-02T19:37:28.502969",
      "parqueo": 2,
      "costo": 3000,
      "pagado": false
    },
    {
      "id": "12",
      "hora_entrada": "2025-12-02T19:49:26.772311",
      "hora_salida": "2025-12-02T19:50:40.104960",
      "parqueo": 2,
      "costo": 8000,
      "pagado": false
    },
    {
      "id": "2",
      "hora_entrada": "2025-12-02T19:57:42.152352",
      "hora_salida": "2025-12-02T19:58:11.289242",
      "parqueo": 1,
      "costo": 3000,
      "pagado": false
    }
  ],
  "espacios_ocupados": {
    "parqueo1": 1,
    "parqueo2": 1
  },
  "leds_estado": {
    "parqueo1": [
      false,
      true,
      false,
      false,
      false,
      false,
      false,
      false,
      false,
      false
    ],
    "parqueo2": [
      true,
      false,
      false,
      false,
      false,
      false,
      false,
      false,
      false,
      false
    ]
  }
}